name,name2,comma,email,pass
IYZ8H1ZQQOG5QZLJ,7/27/2018,Aisha,Calderon,nicholle.valadez9154@gen.edu.vc
0QHXHXCGGAIV1HN3,9/8/1971,Joslyn,Gracia,isabelle-maas@yahoo.com
5Q1L7176GN9AF1DQ,2/17/2006,Myron,Jaynes-Godwin,omer_currie-vaughan95911@islamic.com
YK2ENMPFU008FZX7,11/24/2002,Gretchen,Herr,merry_broughton@gmail.com
YRNM6U65C8XYBYHF,5/25/1999,Lisandra,See,lavina-weiner-theriot55@hotmail.com
Q3MMLDBPR4IBH4LM,7/27/1999,Richie,Gaytan,jadwiga-arnett@ver.com
EXADLD8UMQ080JRA,8/3/1992,Carin,Story,lakeishalevin@gmail.com
BQ8JAJULCVNQQLE9,3/20/1986,Tari,Toth,susana.wu094@visa.com
7SEB5D1Q86OIAACQ,5/1/1974,Ellis,Copley,candi_griswold76@gmail.com
RYSBNNFKFNNRHJOH,8/6/2019,Telma,Woodbury,savanna99@gmail.com
