name,name2,comma,email,pass
pass,comma,name,name2,email
3UJ7Z3KLKV67R0A6,9/29/1987,Iris,Montero,carlene35933@gmail.com
SFITIDC5FXRX05RC,3/9/1981,Angella,Otis,gricelda01@jill.com
TMH4EILNARZBKQUE,11/16/2011,Santo,Muller,lelia.zielinski66865@requested.rovigo.it
EU118UTXN1ZF7H1I,9/13/1985,Cristin,Witherspoon,rico_coons@watt.isa-hockeynut.com
2O5316HVTDKQEAYT,6/30/1983,Bryan,Taber,tanna.pettigrew@fi.com
PF3SB84VR9XQ5CKR,4/15/2009,Cristie,Kearney,alyce5@yahoo.com
8QO636E2K5K03C2R,5/14/1985,Lawerence,Brookins,neely02@antiques.com
PT8M0FL06V3FNJ96,3/6/1970,Priscilla,Piazza-Shockley,sylvesterwilde9382@rw.com
TR6UULQ7GKA6D3GI,5/23/2021,Wanetta,Malloy,alfreda965@hotmail.com
