name,name2,comma,email,pass
A71QEHJB1VTT11M0,8/20/1993,Tobie,Ferry,robin_farrington570@dried.com
R4DIMQQT32QAE4R9,10/29/1998,Sang,Passmore,hugo.medrano0@dies.com
J98AONI7XX5KX9A2,6/22/2011,Frieda,Luckett,reita.ward153@exhibit.com
UK3BVRZHT86Y45M5,1/12/1974,Hiedi,Brito,long11@effort.com
DE2VOTH7M7088NQB,3/9/2015,Meghan,Wagner,arnoldo_hunter599@walls.com
AO85ZG930YIQQTFC,1/9/1992,Oralia,Bolt,rosette.nagy16@improve.com
K8BUJTN254OXANIZ,10/15/2022,Aleen,Seward,marinda96324@installed.smile
0H0GNY0F4ZPAX8U1,7/29/2001,Rosella,High,cyndy-hussey@hotmail.com
EMSAUQAXMRYKYKPX,8/31/1990,Rosanne,Arndt,thomasena5@hotmail.com
1ZKPZ563TSMJLF5F,10/17/2024,Mercy,Stamper,esmeralda.jarrett@beer.com
