name,name2,comma,email,pass
KDTBKZJ0I4XSFN7A,11/26/2014,Shantay,Sills,gussie_darnell3@hotmail.com
45T6L2E7VNHOCZ3Z,4/18/1976,Clementine,Smothers,percy0@hotmail.com
QBSUQDCJJ7YQFJQC,4/13/2020,Theola,Wilbanks,grover_dasilva489@rural.endofinternet.net
NUQURHR3D84P8PYP,3/31/1990,Rheba,Mckeever,suzannamitchell4234@invitation.com
0MME7Q9N8HBUNC0S,10/1/2022,William,Hussey,tammy_rojas-passmore029@yahoo.com
66MGZ4S5SUFSQIPN,10/29/1986,Lilla,Rickard,india86472@hotmail.com
01UUGC5UO5KXTF57,3/1/2016,Carmine,Hembree,nickolas_lightner87@yahoo.com
5ANUT3EQE8CYPQ81,3/6/1970,Perry,Swafford,paul.harrington@connecting.com
O723LG39KMDK47QQ,11/28/2013,Vi,Gooch,darrick40743@stuffed.com
9YQ6QRRZGRQL0YYD,2/14/2023,Carson,Camarillo,aileen.austin@remark.com
