name,name2,comma,email,pass
L24ECAA21JIQHUBU,4/2/1974,Domenica,Johns-Bowling,lawana_charlton@competitions.com
Q7GB3HA47CUZYD83,5/2/1995,Elfrieda,Muncy,malika.roman0181@invitations.com
KG9UODA9FC21O3HJ,9/4/2011,Grisel,Poling,otis.villa7594@hotmail.com
VY4BX1R037QKYN44,8/23/2002,Marquitta,Ventura,kenyatta.hostetler@mirrors.com
1C34540QKG0KKBM0,12/28/1971,Isaura,Darling,edris.staley@whilst.onga.fukuoka.jp
T8BI55HPU3S2QH1A,2/11/1997,Emerson,Fender,sung4865@places.com
FU2P1GN5QL1LBGDL,5/26/1986,Xiao,Elmore,sanda.daley@dl.from-or.com
1XELMYBFCXGHCSOB,7/14/2009,Janay,Hardison,junior-cuellar55@amenities.com
LFGH0L35HCVH043L,3/3/1990,Daina,Kinney,quintin.tharp3233@gmail.com
QAUF974Q8IB3OR3A,11/18/2004,Madie,Newsome,gladys4@living.com
