name,name2,comma,email,pass
ILA2XTMQUXFVFAL4,10/26/2015,Camie,Balderas,arnulfo45@aberdeen.com
I3H99G8VPUUGV185,8/4/1994,Meryl,Arroyo,valrie-soule@hotmail.com
RT6028ND6R7BGMPQ,2/24/2023,Angelika,Mackenzie,cristy81@hotmail.com
HZV2A60YYHRFQEQI,3/13/2016,Kristy,Haines-Paulson,norma37872@gmail.com
S4IUVMQC1XGX1OKQ,11/21/2007,Dorotha,Combs,jolyn.aviles@organisms.com
BYIQ0JRK9DXJ6KHH,3/4/1993,Yuk,Moreland,ed-bottoms@hotmail.com
ZHN1MYRVTKVVOMLB,3/27/1978,Lilia,Mansfield,ammie3989@presented.com
KF2HE9ME1VMZ2PS1,11/11/1993,Bette,Grover,sheron_haines07@malaysia.com
Q1UI1FT6M9EDUTKQ,3/14/2012,Dorsey,Mcnulty,marcelina_tharp70@years.com
C6DCV6Z84YQQOAXH,7/6/2009,Ethelyn,Steinberg,cordia_candelaria39@yahoo.com
