name,name2,comma,email,pass
N7HB3N18X9TNHLCD,5/3/2025,Angelique,Boggs,ariane17478@experienced.com
QMARUERQDDNFGD5Q,3/21/2006,Sylvester,Templeton,pricilla4998@logging.com
28RECC0EXCU2M540,5/18/2001,Dara,Ma,valeri.bacon@hotmail.com
HRRO1SHZ6H39IO4H,12/17/2005,Marhta,Singleton,shalanda-kimble550@gmail.com
50ZGQ2JUVOQCUS90,2/10/1971,Terese,Shorter,hans40842@dear.com
RGGO3L98EQXGN6BX,12/10/2009,Wilhelmina,Burchett,luigirees8@nokia.com
XN5DJVELZOES4PBX,10/9/2014,Mabelle,Barone,benny_cervantes-vaught@hotmail.com
PIJ5SIENH8O1D5EZ,2/12/1984,Shawnta,Ballinger,sergio_donnell803@burst.com
FH752MZUL467FRIP,2/28/1980,Jacquelin,Cochrane,chas-sapp@shade.toho.fukuoka.jp
N59BQ46QKZLIXAD7,5/10/2012,Kindra,Toney,cordelia.barnette590@yahoo.com
