name,name2,comma,email,pass
BXG830IV2V8LOXTQ,11/24/2008,Winston,Skidmore,digna35@yahoo.com
0H4PGT3FDE5YZEYR,12/13/1992,Roselle,Heinz,josef.judge@explicit.com
Z4N1FTI9GRSCU355,1/23/2020,Lyndon,Irish,gemma119@website.com
1Y4JYVEZTLNZ46IL,5/20/1987,Lashawna,Alfred,janella.thorne0@valued.com
PL4ODF69T05DGI1D,9/4/2011,Edelmira,Heinz,lily5718@weak.com
H9IKBLDVN31J1MH0,2/28/1985,Brady,Foret,katrice.large@gmail.com
UYJ6JQIBHD90CXRH,6/18/1995,Alia,Leonard,quyen93759@unlike.coffee
4N8M0JQR2YFAGDZ0,5/23/1985,Nathanael,Kellum,leanne38331@hotmail.com
ORA8IYBTILX02SMG,10/3/2016,Efren,Westbrook,cherri4512@memory.com
425O00QLAGTLTY77,12/20/2002,Ocie,Correia,benedict3@morocco.yn.cn
