name,name2,comma,email,pass
JK90MNOV3CFKUI5V,7/12/1995,Henrietta,Winfield,arianne.steward52@shipping.com
TX8SMLGGD3VXTJVK,6/21/1996,Cole,Matheny,deane_estrella@yahoo.com
4QLT7G6625ZB2TEF,12/14/1990,Kimiko,Vargas,clelia34@fixtures.com
34JG4KNS4UMCPAS8,8/5/2020,Epifania,Carrillo,amy3@stan.com
P3IPDPMA9IYTHOYQ,1/2/1977,Catheryn,Marquez,celestina_carpenter02@delaware.com
COQISOCQ22IKZG88,6/2/1979,Johnathon,Hager,valene-bickford8003@yahoo.com
QRDZ4PC6X3VDDNJB,12/21/1989,Stephani,Jacoby,gladys07166@carolina.com
00T3B8JP9Q71JRVG,3/14/1984,Margarett,Schmitt,lindsey64@hotmail.com
JN9XQL67Q130SL7Z,6/4/1981,Garnett,Handley,shera_cates@boxing.com
MLVQXB6B0UXQ3223,6/28/2019,Nettie,Gomez,tran15061@yahoo.com
