{"columns_added": [], "columns_removed": [], "rows_added": [{"014A Tax recogniseed in P&L": null, "December 2025": null, "December 2024": null, "_OriginalRow": 14}, {"014A Tax recogniseed in P&L": null, "December 2025": null, "December 2024": null, "_OriginalRow": 18}, {"014A Tax recogniseed in P&L": null, "December 2025": null, "December 2024": null, "_OriginalRow": 30}], "rows_removed": [{"014A Tax recogniseed in P&L": "Current Tax", "December 2025": null, "December 2024": null, "_OriginalRow": 11}], "value_diff": [{"excel_row_file1": 29, "excel_row_file2": 32, "column": "December 2025", "file1_value": "0", "file2_value": "-"}, {"excel_row_file1": 29, "excel_row_file2": 32, "column": "December 2024", "file1_value": "0", "file2_value": "-"}, {"excel_row_file1": 9, "excel_row_file2": 13, "column": "December 2025", "file1_value": "10", "file2_value": "20"}, {"excel_row_file1": 9, "excel_row_file2": 13, "column": "December 2024", "file1_value": "50", "file2_value": "30"}, {"excel_row_file1": 13, "excel_row_file2": 16, "column": "December 2025", "file1_value": "0", "file2_value": "60"}, {"excel_row_file1": 13, "excel_row_file2": 16, "column": "December 2024", "file1_value": "0", "file2_value": "70"}, {"excel_row_file1": 19, "excel_row_file2": 22, "column": "December 2025", "file1_value": "0", "file2_value": "-"}, {"excel_row_file1": 19, "excel_row_file2": 22, "column": "December 2024", "file1_value": "0", "file2_value": "-"}, {"excel_row_file1": 26, "excel_row_file2": 29, "column": "December 2025", "file1_value": "0", "file2_value": "-"}, {"excel_row_file1": 26, "excel_row_file2": 29, "column": "December 2024", "file1_value": "0", "file2_value": "-"}, {"excel_row_file1": 17, "excel_row_file2": 20, "column": "December 2025", "file1_value": "0", "file2_value": "-"}, {"excel_row_file1": 17, "excel_row_file2": 20, "column": "December 2024", "file1_value": "0", "file2_value": "-"}, {"excel_row_file1": 12, "excel_row_file2": 15, "column": "December 2025", "file1_value": "0", "file2_value": "-"}, {"excel_row_file1": 12, "excel_row_file2": 15, "column": "December 2024", "file1_value": "0", "file2_value": "-"}, {"excel_row_file1": 31, "excel_row_file2": 34, "column": "December 2025", "file1_value": "0", "file2_value": "-"}, {"excel_row_file1": 31, "excel_row_file2": 34, "column": "December 2024", "file1_value": "0", "file2_value": "-"}, {"excel_row_file1": 24, "excel_row_file2": 27, "column": "December 2025", "file1_value": "0", "file2_value": "-"}, {"excel_row_file1": 24, "excel_row_file2": 27, "column": "December 2024", "file1_value": "0", "file2_value": "-"}, {"excel_row_file1": 18, "excel_row_file2": 21, "column": "December 2025", "file1_value": "0", "file2_value": "-"}, {"excel_row_file1": 18, "excel_row_file2": 21, "column": "December 2024", "file1_value": "0", "file2_value": "-"}, {"excel_row_file1": 32, "excel_row_file2": 35, "column": "December 2025", "file1_value": "0", "file2_value": "-"}, {"excel_row_file1": 32, "excel_row_file2": 35, "column": "December 2024", "file1_value": "0", "file2_value": "-"}, {"excel_row_file1": 21, "excel_row_file2": 24, "column": "December 2025", "file1_value": "0", "file2_value": "-"}, {"excel_row_file1": 21, "excel_row_file2": 24, "column": "December 2024", "file1_value": "0", "file2_value": "-"}, {"excel_row_file1": 25, "excel_row_file2": 28, "column": "December 2025", "file1_value": "0", "file2_value": "-"}, {"excel_row_file1": 25, "excel_row_file2": 28, "column": "December 2024", "file1_value": "0", "file2_value": "-"}, {"excel_row_file1": 14, "excel_row_file2": 17, "column": "December 2025", "file1_value": "0", "file2_value": "-"}, {"excel_row_file1": 14, "excel_row_file2": 17, "column": "December 2024", "file1_value": "0", "file2_value": "-"}, {"excel_row_file1": 30, "excel_row_file2": 33, "column": "December 2025", "file1_value": "0", "file2_value": "-"}, {"excel_row_file1": 30, "excel_row_file2": 33, "column": "December 2024", "file1_value": "0", "file2_value": "-"}, {"excel_row_file1": 23, "excel_row_file2": 26, "column": "December 2025", "file1_value": "0", "file2_value": "-"}, {"excel_row_file1": 23, "excel_row_file2": 26, "column": "December 2024", "file1_value": "0", "file2_value": "-"}, {"excel_row_file1": 20, "excel_row_file2": 23, "column": "December 2025", "file1_value": "0", "file2_value": "-"}, {"excel_row_file1": 20, "excel_row_file2": 23, "column": "December 2024", "file1_value": "0", "file2_value": "-"}, {"excel_row_file1": 22, "excel_row_file2": 25, "column": "December 2025", "file1_value": "0", "file2_value": "-"}, {"excel_row_file1": 22, "excel_row_file2": 25, "column": "December 2024", "file1_value": "0", "file2_value": "-"}], "summary": {"total_columns_file1": 3, "total_columns_file2": 3, "common_columns": 2, "added_columns": 0, "removed_columns": 0, "total_rows_file1": 24, "total_rows_file2": 23, "added_rows": 3, "removed_rows": 1, "changed_values": 36}}'
